{"initial_reset_timestamp": 1564911894.8698368, "timestamps": [1564911895.9405713, 1564911896.0595782, 1564911896.0692828, 1564911896.0785666, 1564911896.1061544, 1564911896.1159902, 1564911896.1253788, 1564911896.1355982, 1564911896.1630943, 1564911896.174449, 1564911896.4264681, 1564911896.4883296, 1564911896.720138, 1564911897.0810885, 1564911897.1664877, 1564911897.2510178, 1564911897.3356326, 1564911897.4204469, 1564911897.5046248, 1564911897.5880337, 1564911897.8942287, 1564911897.9862816, 1564911898.0705585, 1564911898.3176527, 1564911898.5533867, 1564911898.637798, 1564911898.7238364, 1564911898.809778, 1564911898.8945246, 1564911898.9810305, 1564911899.3112278, 1564911899.4039307, 1564911899.6484616, 1564911899.73262, 1564911899.8160098, 1564911899.899725, 1564911899.9838583, 1564911900.2313201, 1564911900.3149712, 1564911900.5520334, 1564911900.8939724, 1564911901.1502733, 1564911901.2360802, 1564911901.6633887, 1564911901.7483833, 1564911901.8320131, 1564911901.9167373, 1564911902.1538677, 1564911902.2376964, 1564911902.5991976, 1564911903.6137774, 1564911903.7086601, 1564911903.7939978, 1564911904.044331, 1564911904.1301794, 1564911904.215263, 1564911904.3004599, 1564911904.3855445, 1564911904.4704838, 1564911904.5569413, 1564911905.5457387, 1564911905.640346, 1564911905.7244012, 1564911905.822375, 1564911905.9085505, 1564911905.9939718, 1564911906.3948948, 1564911906.6674397, 1564911907.0577059, 1564911907.3879633, 1564911908.3793375, 1564911908.637457, 1564911908.7235425, 1564911909.104995, 1564911909.4875534, 1564911909.5724437, 1564911909.656515, 1564911909.743001, 1564911909.8291125, 1564911909.9141288, 1564911910.2443337, 1564911910.339782, 1564911910.4255474, 1564911910.9548151, 1564911911.0398152, 1564911911.1242485, 1564911911.208419, 1564911911.6218312, 1564911911.7090187, 1564911912.2312953, 1564911913.0938222, 1564911913.194274, 1564911913.5861611, 1564911913.6715114, 1564911913.7566497, 1564911914.057441, 1564911914.1527922, 1564911914.5683289, 1564911914.6597385, 1564911914.9560251, 1564911915.7283251, 1564911916.0960867, 1564911916.3560364, 1564911916.4403198, 1564911916.817413, 1564911917.0513725, 1564911917.4277234, 1564911917.5119843, 1564911917.5962503, 1564911917.6804738, 1564911918.6954448, 1564911918.950965, 1564911919.3296025, 1564911919.4142344, 1564911919.4987156, 1564911919.9567475, 1564911920.1925893, 1564911920.4286997, 1564911920.512332, 1564911920.8880808, 1564911921.1935651, 1564911921.4604974, 1564911921.545853, 1564911921.9254901, 1564911922.0097747, 1564911922.4427097, 1564911922.5276785, 1564911922.7631636, 1564911922.847183, 1564911923.3601048, 1564911923.6768622, 1564911923.9291432, 1564911924.0153658, 1564911924.2527754, 1564911924.6335042, 1564911924.8690085, 1564911925.1065106, 1564911925.3429244, 1564911925.428531, 1564911925.887269, 1564911928.0622385, 1564911928.3198364, 1564911928.8365335, 1564911928.923686, 1564911929.0082011, 1564911929.0933068, 1564911929.4709206, 1564911929.7055068, 1564911929.9402418, 1564911930.3189015, 1564911930.660651, 1564911930.9191897, 1564911931.2996345, 1564911931.5363624, 1564911931.794535, 1564911932.1788578, 1564911932.709041, 1564911933.4046268, 1564911933.7888784, 1564911933.8745823, 1564911935.5266957, 1564911936.075661, 1564911936.3165925, 1564911936.4053786, 1564911936.6438446, 1564911936.7288156, 1564911937.1104813, 1564911937.3476229, 1564911937.5859792, 1564911937.8242514, 1564911939.4770606, 1564911940.6069598, 1564911940.8452408, 1564911941.233732, 1564911941.4714975, 1564911942.1249754, 1564911942.2109845, 1564911942.5943632, 1564911942.8337026, 1564911943.2180657, 1564911943.5598083, 1564911943.6529226, 1564911943.7384806, 1564911943.9941795, 1564911944.3822956, 1564911944.766809, 1564911945.0055718, 1564911945.6587317, 1564911946.1815147, 1564911946.423268, 1564911948.07669, 1564911948.4825616, 1564911948.8685315, 1564911949.1114752, 1564911949.6456935, 1564911950.0676773, 1564911950.3249774, 1564911950.7168345, 1564911950.957226, 1564911951.199319, 1564911954.6273243, 1564911955.2330918, 1564911955.3190663, 1564911955.5584817, 1564911955.801625, 1564911956.0447054, 1564911956.133128, 1564911956.6046925, 1564911956.986669, 1564911957.5079675, 1564911959.159795, 1564911959.423095, 1564911959.66398, 1564911959.7499638, 1564911959.9891334, 1564911960.3828006, 1564911960.621554, 1564911961.3964565, 1564911961.6344743, 1564911961.87331, 1564911963.528326, 1564911963.789638, 1564911964.0294845, 1564911964.2701755, 1564911964.5086687, 1564911964.7463212, 1564911964.986448, 1564911965.2293882, 1564911965.472382, 1564911965.749742, 1564911966.77605, 1564911967.0304632, 1564911967.2722116, 1564911967.5139647, 1564911967.7745512, 1564911968.0173483, 1564911968.258851, 1564911968.4984965, 1564911968.584186, 1564911968.8289385, 1564911969.8454142, 1564911970.1158552, 1564911970.3552525, 1564911970.5931547, 1564911970.8302588, 1564911971.068309, 1564911971.1551633, 1564911971.3936837, 1564911971.6313214, 1564911971.868708, 1564911972.892742, 1564911973.1621404, 1564911973.4012878, 1564911973.6386073, 1564911973.7244093, 1564911973.9625356, 1564911974.205447, 1564911974.4473543, 1564911974.688495, 1564911974.9270144, 1564911975.927592, 1564911976.1991193, 1564911976.4402444, 1564911976.5270739, 1564911976.766573, 1564911976.8524978, 1564911977.0939708, 1564911977.3342893, 1564911977.5723941, 1564911977.8103025, 1564911978.8114176, 1564911979.0688818, 1564911979.3104374, 1564911979.5497081, 1564911979.7871652, 1564911980.5786152, 1564911980.6641552, 1564911980.9021735, 1564911981.1409712, 1564911981.37837, 1564911982.3951466, 1564911982.6693192, 1564911982.909963, 1564911983.7026699, 1564911984.2236202, 1564911984.460479, 1564911984.7001247, 1564911985.3525643, 1564911986.0018528, 1564911986.5244348, 1564911987.527498, 1564911987.7931278, 1564911988.569831, 1564911989.4614275, 1564911989.9819353, 1564911990.2199295, 1564911990.872313, 1564911991.111291, 1564911991.3512201, 1564911991.5912917, 1564911997.4085927, 1564911997.7336922, 1564911998.5238159, 1564911999.6388397, 1564912000.7442296, 1564912001.3993309, 1564912002.4972503, 1564912003.148933, 1564912003.7986634, 1564912004.4525943, 1564912007.328473, 1564912007.883346, 1564912008.416342, 1564912009.526292, 1564912010.6312456, 1564912011.2845726, 1564912012.0607002, 1564912013.2516747, 1564912014.4458156, 1564912015.6420574], "episode_lengths": [23, 64, 23, 23, 64, 23, 23, 23, 64, 23, 23, 64, 103, 97, 23, 23, 23, 23, 23, 23, 23, 23, 23, 64, 64, 23, 23, 23, 23, 23, 23, 23, 64, 23, 23, 23, 23, 64, 23, 64, 23, 64, 23, 115, 23, 23, 23, 64, 23, 98, 64, 23, 23, 64, 23, 23, 23, 23, 23, 23, 64, 23, 23, 23, 23, 23, 100, 64, 105, 90, 64, 64, 23, 99, 103, 23, 23, 23, 23, 23, 23, 23, 23, 140, 23, 23, 23, 104, 23, 121, 55, 23, 103, 23, 23, 64, 23, 103, 23, 64, 23, 64, 64, 23, 103, 64, 103, 23, 23, 23, 64, 64, 103, 23, 23, 124, 64, 64, 23, 103, 23, 64, 23, 103, 23, 118, 23, 64, 23, 140, 23, 64, 23, 64, 103, 64, 64, 64, 23, 124, 133, 64, 140, 23, 23, 23, 103, 64, 64, 103, 23, 64, 103, 64, 64, 103, 140, 175, 103, 23, 103, 140, 64, 23, 64, 23, 103, 64, 64, 64, 103, 295, 64, 103, 64, 175, 23, 103, 64, 103, 23, 23, 23, 64, 103, 103, 64, 175, 140, 64, 103, 103, 103, 64, 140, 103, 64, 103, 64, 64, 103, 140, 23, 64, 64, 64, 23, 126, 103, 140, 103, 64, 64, 23, 64, 103, 64, 208, 64, 64, 103, 64, 64, 64, 64, 64, 64, 64, 64, 64, 64, 64, 64, 64, 64, 64, 64, 64, 23, 64, 64, 64, 64, 64, 64, 64, 23, 64, 64, 64, 64, 66, 64, 64, 23, 64, 64, 64, 64, 64, 64, 64, 64, 23, 64, 23, 64, 64, 64, 64, 64, 64, 64, 64, 64, 212, 23, 64, 64, 64, 64, 64, 64, 210, 140, 64, 64, 175, 175, 140, 64, 64, 208, 239, 140, 64, 175, 64, 64, 64, 175, 64, 208, 295, 295, 175, 295, 175, 175, 175, 175, 140, 140, 295, 295, 175, 208, 320, 320, 320],